Department,Gross Pay,Tax,Net Pay,Employee Count
Finance,17949,2512.8600000000006,15436.14,15
Hr,14871,1784.5199999999998,13086.48,9
It,6552,982.8,5569.200000000001,3
Marketing,19947,2593.11,17353.89,15
Sales,31482,5037.12,26444.879999999997,18
