Month,Total_Net_Pay
2024-06,23968.44
2024-07,12755.520000000002
2024-08,17754.659999999996
2024-09,14282.730000000001
2024-10,9129.24
